Finance & Investments,Finance & Investments,Finance & Investments,Finance & Investments,Finance & Investments,Finance & Investments,Finance & Investments,Finance & Investments,Finance & Investments,Finance & Investments,*
Manufacturing,Manufacturing,Manufacturing,Manufacturing,Manufacturing,Manufacturing,Manufacturing,Manufacturing,Manufacturing,Manufacturing,*
Technology,Technology,Technology,Technology,Technology,Technology,Technology,Technology,Technology,*,*
Fashion & Retail,Fashion & Retail,Fashion & Retail,Fashion & Retail,Fashion & Retail,Fashion & Retail,Fashion & Retail,Fashion & Retail,Fashion & Retail,*,*
Food & Beverage,Food & Beverage,Food & Beverage,Food & Beverage,Food & Beverage,Food & Beverage,Food & Beverage,Food & Beverage,*,*,*
Healthcare,Healthcare,Healthcare,Healthcare,Healthcare,Healthcare,Healthcare,Healthcare,*,*,*
Real Estate,Real Estate,Real Estate,Real Estate,Real Estate,Real Estate,Real Estate,*,*,*,*
Diversified,Diversified,Diversified,Diversified,Diversified,Diversified,Diversified,*,*,*,*
Energy,Energy,Energy,Energy,Energy,Energy,*,*,*,*,*
Media & Entertainment,Media & Entertainment,Media & Entertainment,Media & Entertainment,Media & Entertainment,*,*,*,*,*,*
Metals & Mining,Metals & Mining,Metals & Mining,Metals & Mining,Metals & Mining,*,*,*,*,*,*
Automotive,Automotive,Automotive,Automotive,*,*,*,*,*,*,*
Service,Service,Service,Service,*,*,*,*,*,*,*
Construction & Engineering,Construction & Engineering,Construction & Engineering,*,*,*,*,*,*,*,*
Logistics,Logistics,Logistics,*,*,*,*,*,*,*,*
Sports,Sports,*,*,*,*,*,*,*,*,*
Telecom,Telecom,*,*,*,*,*,*,*,*,*
Gambling & Casinos,*,*,*,*,*,*,*,*,*,*
